{
  "X": {
    "mean": [
      0.668606557377049,
      0.4870491803278688,
      2.428688524590163e-06,
      2.2868852459016393e-06
    ],
    "scale": [
      0.14918118356807367,
      0.4790473615734415,
      2.440915895966059e-06,
      2.4360493016247123e-06
    ]
  },
  "y": {
    "mean": -12.394775747453693,
    "scale": 1.035108848733123
  }
}